feature1,feature2,price
37.454011884736246,9.256646441930982,78.46047295866448
95.07143064099162,27.095047368917907,143.45700651793302
73.1993941811405,43.647291793820415,171.62949175919582
59.86584841970366,36.61124432047806,156.82906791896974
15.601864044243651,40.328057393072484,147.5928930705993
15.599452033620265,32.93916833553587,115.64627318107841
5.8083612168199465,34.613828225892625,137.05872274979043
86.61761457749351,42.459782578265965,175.517136434853
60.11150117432088,12.483400442959297,104.80887852959468
70.80725777960456,24.471248182157023,126.87400846263809
2.0584494295802447,11.060472090980111,48.90776629402093
96.99098521619943,49.38340039983235,206.10274737137487
83.24426408004217,47.202966984330665,193.39650497960673
21.233911067827616,1.971340568425295,61.74636109958227
18.182496720710063,35.27875862578442,130.31867278417258
18.34045098534338,46.26241587078329,156.85444941127926
30.42422429595377,9.028767256366677,67.64418809184481
52.475643163223786,28.397261527631475,127.74181786341191
43.194501864211574,45.774414879402094,171.08872748712824
29.122914019804192,1.697298929289942,55.41316063678949
61.18528947223795,34.871013362342,153.27025078246925
13.949386065204184,14.867450368627539,73.14377572362312
29.214464853521815,46.21980976882652,161.71115178874922
36.63618432936917,48.552912258268385,165.06750185824652
45.606998421703594,47.213324455671696,151.0788299631401
78.51759613930136,23.71071083287319,148.32761327996877
19.967378215835975,43.10213254946567,138.84203843886883
51.42344384136116,42.22746992675352,152.0641374040438
59.24145688620425,15.955023662162782,113.53646773973712
4.645041271999773,41.44577370753387,146.70044154535478
60.75448519014384,1.850381735774631,73.91978787683722
17.052412368729154,29.81349392410265,118.76999253104958
6.505159298527952,11.500441864385152,80.54162838134002
94.88855372533332,6.0283442888639405,116.43202151302599
96.56320330745594,3.847660081460458,107.74133736942113
80.83973481164611,34.81443879390699,156.3784666028038
30.46137691733707,16.993748188403305,90.94228262898794
9.767211400638388,36.238338576438075,128.2217216836591
68.42330265121569,3.2678170399471185,80.02589528564602
44.01524937396013,15.764516891530517,74.32315363509503
12.203823484477883,26.974564618766863,114.41663902134934
49.51769101112702,39.53615824194818,162.87051040032182
3.4388521115218396,15.937625146603496,59.965351993549525
90.9320402078782,31.294568821850454,147.95785070054063
25.87799816000169,44.29888741180935,157.72831651367153
66.2522284353982,30.79315940911523,165.28738773304656
31.171107608941096,11.647973737681689,89.089438356588
52.00680211778108,1.220039077826901,71.16344980225301
54.67102793432797,43.50494369504649,162.5164369462086
18.485445552552704,1.063470542519357,75.11842805279692
96.95846277645586,43.73508363420997,179.4897568654025
77.51328233611146,26.4468567013606,133.6584345042744
93.9498941564189,46.95338492564481,186.05428170767874
89.48273504276489,39.93916178868327,165.08640501616188
59.78999788110851,49.89670552666687,180.91511315383596
92.18742350231169,17.535590772585508,147.41167788102246
8.84925020519195,38.35941444655634,134.37424672686893
19.59828624191452,20.096545680462107,97.4686994606186
4.522728891053807,23.99378101519544,97.33081378676235
32.53303307632643,31.375273160918503,113.38515477303366
38.8677289689482,43.68385570931694,165.63267367457956
27.134903177389592,49.20417345996476,161.1974265384963
82.87375091519293,38.41367069322591,166.45941770814204
35.67533266935893,20.888339108366687,141.54542022986146
28.093450968738075,21.06785011385351,109.16995479573292
54.26960831582485,36.879115079444574,143.37512381584972
14.092422497476264,11.938857288415116,76.66034986351293
80.21969807540397,5.523705656569733,112.64171744280901
7.455064367977082,17.731107882038827,90.32245205344384
98.68869366005173,14.361949582704087,113.68546621226037
77.22447692966574,14.815406022799504,127.43533985618392
19.87156815341724,11.680387552495496,76.61511832630968
0.5522117123602399,2.104659481818094,73.21840258199177
81.54614284548342,0.8936967366706905,103.36094555322957
70.68573438476172,49.386119486801576,179.6418872093965
72.90071680409874,21.388656686793116,142.03783539298672
77.12703466859458,19.216332357984083,127.67473715553947
7.4044651734090365,33.982364134653494,130.1946976072337
35.84657285442726,10.912694393253208,94.59600338666479
11.586905952512971,47.49805919751127,142.32600482137028
86.31034258755935,39.3172507207776,165.35417441216026
62.329812682755794,4.470550115612975,100.40561474841546
33.08980248526492,20.87903878924642,104.95522550005988
6.355835028602364,43.95591537810824,137.0532636380977
31.09823217156622,47.23660111457051,150.4710925214306
32.518332202674706,23.370075562493486,117.23530788225895
72.96061783380641,30.670569460535386,168.44669703040543
63.75574713552131,8.35169730460376,87.90593903442544
88.72127425763266,49.558431306848824,193.7196943092416
47.22149251619493,11.58358506917217,110.9001219505961
11.959424593830171,47.136588706756285,149.4564757979705
71.3244787222995,32.482332449618426,155.15062222288392
76.07850486168974,30.386839743942957,138.188996637262
56.127719756949624,25.63442555082543,133.61578195220216
77.0967179954561,11.533490585887934,109.74389751945844
49.379559636439076,8.826401600275414,102.199882975569
52.27328293819941,11.024310453508768,110.05912289176474
42.75410183585496,9.321913107212726,115.91651355253906
2.541912674409519,38.97922367833767,135.02573542601587
10.789142699330444,17.506262958336507,93.6650604321599
3.142918568673425,2.8921338281698183,59.29956995644971
63.64104112637804,48.45513150704057,175.19912064916326
31.435598107632668,44.18929424817129,157.48122598477582
50.85706911647028,46.387614159760645,165.24974877636615
90.7566473926093,49.745391132321764,196.5537157236443
24.929222914887493,8.694762460974365,93.03011173547208
41.038292303562976,19.812100945132936,100.07792238925096
75.55511385430486,37.911923785204564,175.00019010885202
22.879816549162246,34.80103090268961,144.213120753359
7.697990982879299,7.694795316992753,68.05790085551438
28.9751452913768,40.79165624953089,124.85233615466423
16.122128725400444,11.222028591833034,74.42690167542197
92.96976523425731,11.190880741131155,131.83658956500204
80.8120379564417,26.84872114467068,143.87478064457338
63.34037565104234,29.646996742085157,130.97115898674235
87.14605901877177,29.00431039189056,146.53390108088482
80.36720768991145,4.574341869887744,107.73848784977675
18.657005888603585,43.87304313151902,152.54192488935362
89.25589984899777,13.280002129435303,118.79863319167255
53.93422419156507,6.475746064140209,86.25036010591609
80.74401551640625,44.43740399344886,175.32923425466262
89.60912999234932,47.78257491148767,181.14561297416498
31.800347497186387,43.106380863272534,168.2666923698327
11.005192452767677,40.475803736243904,133.23099900675825
22.793516254194166,32.76209903195109,139.09254139925423
42.71077886262563,27.542868530456964,141.65428701145126
81.80147659224932,4.349337995570507,109.58252326874528
86.07305832563435,20.422660653534937,129.56564734270657
0.6952130531190703,18.6344258506157,91.65375913115702
51.07473025775657,12.98768918801631,101.27078744100176
41.7411003148779,36.17100568442925,134.17554291899614
22.210781047073024,24.79378675393854,113.93655684862962
11.98653673336828,4.052310795382397,52.30749204585091
33.7615171403628,11.009160097490566,100.77587264977817
94.29097039125192,34.162938182979794,160.8251885886016
32.320293202075526,3.8065429745150094,75.78482910879619
51.87906217433661,42.56034570243843,163.8931012075066
70.30189588951778,24.757326350698715,132.07655090911555
36.3629602379294,24.0293288663324,122.10707586638225
97.17820827209607,29.62038923297588,153.08084603577456
96.24472949421113,41.234048296257455,189.3034343141929
25.178229582536417,17.390460395109653,83.91023877902003
49.72485058923854,33.90080762795318,143.92783634598973
30.087830981676966,28.28659819978955,141.00640188100044
28.484049437746762,13.351413508471065,80.94153848975978
3.6886947354532795,43.9314993177579,132.92989629799393
60.956433397989684,39.871301080346406,165.3598973562768
50.26790232288615,32.922591732921276,142.77495244668162
5.147875124998935,42.52908645471209,141.13841146465924
27.864646423661142,43.364710047990116,155.55361460928745
90.82658859666537,35.41814883575174,172.59680665545386
23.95618906669724,41.8506664181836,156.77642578927805
14.48948720912231,34.87357308346418,131.09007634077463
48.9452760277563,34.00703858801502,140.07413864372276
98.56504541106007,30.930568910759217,167.86939753907578
24.20552715115004,37.63583197788206,156.37324688029128
67.21355474058785,7.930255264653685,98.14095043577557
76.16196153287176,44.04353795994642,166.4227636396223
23.763754399239968,43.5921763872616,160.13703666701292
72.82163486118596,1.4623641517279573,88.1317340945129
36.77831327192532,41.290837528238136,129.24413623229856
63.23058305935795,6.4434933736722595,102.97649504852771
63.35297107608947,16.755942712957093,109.8350891044197
53.57746840747585,37.17541281458039,150.2342270098571
9.02897700544083,8.03799480241541,73.91028141324138
83.5302495589238,40.89835120595311,175.4668239891588
32.07800649717358,41.606708897887096,156.34693921575138
18.651851039985424,25.373386688041812,105.7178351903779
4.077514155476392,0.319293585841679,57.80840223118238
59.08929431882418,14.351906658745639,105.6529937010642
67.75643618422824,30.84634591878711,152.95901473856335
1.6587828927856152,49.059308901371175,155.1016840892657
51.2093058299281,31.59067635083342,129.43161859618493
22.649577519793795,12.99017905320799,98.1649680280632
64.51727904094498,31.700285154980566,140.29957537929312
17.436642900499145,26.999268985792774,120.79743740464657
69.09377381024659,38.99226975755718,166.20429955425107
38.67353463005374,5.349031941347921,98.41666796567392
93.67299887367345,38.0513951251014,170.70462986332103
13.752094414599325,27.063328933805515,107.50953711372871
34.10663510502585,48.149600192949734,163.15832187953507
11.347352124058908,17.093608301934303,86.82909483755532
92.46936182785628,31.631094656697407,167.49628924674346
87.7339353380981,46.60140527550087,170.90667213568491
25.79416277151556,5.125486399533963,62.611229993362166
65.99840460341791,46.86142436182256,166.04402180956214
81.72222002012158,34.394286115040664,169.15275815987786
55.52008115994623,3.391852955258595,101.64988021630955
52.965057835600646,15.048178347340812,105.53439342710722
24.18522909004517,35.40860443226408,131.22160617765064
9.310276780589922,3.367530073438585,62.09072016830394
89.72157579533267,29.108523008813663,164.69661694137557
90.04180571633304,17.294152847647837,120.33567721155646
63.31014572732679,31.045775888373857,146.13031446775898
33.90297910487007,2.2871016906256427,81.27766923151061
34.92095746126609,43.576840307618816,159.62510104526913
72.59556788702393,48.67444845886985,185.5424970272391
89.71102599525771,48.44389276428458,201.75375945186946
88.70864242651173,37.48259158714624,142.287181457556
77.98755458576238,6.504312006531599,108.78115450125347
64.20316461542878,37.913159796451126,151.38714506934238
8.413996499504883,1.2293458229400755,38.359360927068025
16.162871409461378,1.1061775764498627,65.40581685288022
89.85541885270793,16.18051095747706,141.02531679293767
60.642905965958995,24.432159520233288,127.81128687716915
0.9197051616629648,38.52037089038966,137.02933983364017
10.147154286603211,34.16476883032526,139.52589738383858
66.35017691080559,22.295135318837417,140.9145036289181
0.5061583846218687,13.681333314083293,94.01539111419144
16.080805141749867,49.856225007885556,165.17412749736496
54.87337893665861,21.30906511179865,120.80915608094254
69.18951976926932,22.569351216483774,113.71380419863056
65.19612595026005,8.181191059583458,96.49982021299746
22.42693094605598,39.740477437496466,132.261954394859
71.2179221347536,34.68411128907443,176.6866108205038
23.724908749680008,11.03848063943802,82.18055752939269
32.539969815926774,4.119052280792134,75.74013753739251
74.64914051180241,34.02496510373565,160.88935422377716
64.96328990472146,32.72556071405676,148.36879084419883
84.9223410494178,13.662976349910466,136.73763362883736
65.76128923003434,47.543178112520515,171.74050722271366
56.830860333547164,7.552894589045012,95.46729389723602
9.367476782809248,21.616740052130094,90.49251263868433
36.77158030594335,47.18079600837994,149.54715705752452
26.520236768172545,20.986365846306114,99.11515916764564
24.398964337908357,31.92629738320428,125.68170896487861
97.30105547524455,19.879719898139715,134.11694528872908
39.30977246667604,13.710760117433502,90.15219666946646
89.20465551771133,49.19888239799141,178.93691791812014
63.11386259972629,20.46670031575215,121.6592762050805
79.48113035416485,44.70496018395672,164.10328180468588
50.26370931051921,11.497730294554309,105.72787488126424
57.69038846263591,10.655235201254165,100.98006216317131
49.25176938188639,1.556704144225568,63.16377798474503
19.52429877980445,32.58334126879425,121.8367411569921
72.24521152615053,18.426317186188058,115.45367607954555
28.07723624408558,43.21791249198185,153.6661882101983
2.431596643145384,23.66049533457786,111.94129345095986
64.54722959071678,48.40967139573608,160.3412328903731
17.711067940704893,9.276275785156058,78.55834633213873
94.04585843529144,43.43115839778054,182.28391805754043
95.39285770025873,38.829842639587085,182.0695148938082
91.48643902204485,38.5460922322026,174.9673702578045
37.01587002554444,42.239161405844385,145.4665645070728
1.5456616528867428,38.05119954714994,123.68469056407707
92.83185625877253,31.31101608157077,151.0777017244929
42.81841483173143,6.562243884119379,95.29376657009047
96.66548190436696,1.6263089745625958,101.79847538802811
96.36199770892529,46.04239239078434,209.2776904935614
85.300945546736,30.832515726036902,153.70889608729559
29.444889206958567,39.826864548808814,137.2921060319923
38.50977286019253,24.076117575627503,102.269977655223
85.11366715168569,5.865409448119724,86.25625570952285
31.692200515627768,6.259289610127522,62.52332004801404
16.94927466860925,34.27826436144857,129.7024325673166
55.68012624583501,21.515294744973133,125.95790284516312
93.6154774160781,10.026236335016836,101.04830435775138
69.6029796674973,24.579727337071844,142.9113276486535
57.0061170089365,3.2104468537567046,80.09334169514726
9.717649377076853,29.09857009571994,114.5238949998338
61.500722669916975,13.449670221754884,123.7719080610225
99.00538501042632,39.87795503185941,188.22699572758728
14.008401523652402,15.518097946178688,85.35509017512526
51.832965236373674,22.76100745409006,112.52657527221407
87.73730719279554,0.5810269954050318,73.51255357391477
74.07686177542044,3.622344389727944,87.0915864747419
69.7015740995268,19.62467782033424,121.98884030215494
70.24840839871092,23.996941735856176,123.24629239955598
35.94911512197552,30.001027405965186,126.66404270199509
29.359184426449335,14.583128935465162,94.61436891374267
80.93611554785136,34.74909430632713,157.71768656849915
81.01133946791808,43.00611985946023,170.0178836446449
86.70723185801037,38.99254944466749,173.02526153800744
91.32405525564712,1.9809412674178573,104.04331665835336
51.13423988609378,24.02534736289145,112.71382389440133
50.15162946871996,5.246508920908743,99.67815637364018
79.82951789667752,12.102250793126373,113.13337921174889
64.99639307777652,49.333129663357326,181.3529520950514
70.19668772577033,7.124777145075662,106.43004238560206
79.57926694361011,24.944407672567802,142.01061012957567
89.00053418175663,30.907786715905956,165.84720686182268
33.79951568515358,35.1232485272052,140.01749654900544
37.5582952639944,27.982434174345705,118.61964223428424
9.3981939840869,0.48854237095918296,59.29121698602283
57.8280140996174,16.323065412199593,100.12287580100127
3.5942273796742086,25.885582169235573,104.65387508607347
46.55980181324602,4.393324957241668,81.73425091466174
54.26446347075766,17.53134656045904,110.11375628357152
28.65412521282844,1.6601554395683282,66.36199837116156
59.08332605690107,3.928924857751037,68.58102228897621
3.050024993904943,19.846163810079805,85.73009103970247
3.7348188749214417,6.635787702153017,66.0674338531779
82.26005606596583,28.37704241307791,149.48267677911272
36.019064141126286,34.47324845686329,126.67927757503014
12.706051265188478,40.029334955454146,149.06877395214954
52.224326005480435,10.007512212240504,87.46543894507623
76.99935530986109,8.374129112953488,114.94250788610489
21.582102749684317,5.228392016720012,75.51977902699903
62.28904758190003,31.821512477181834,138.32527564687567
8.5347464993768,35.32378632434506,142.66805482447361
5.16817211686077,1.5793072412821019,43.80633222342979
53.1354631568148,46.81061231218449,179.3804979388764
54.06351216101065,2.5985641825736208,92.23470762608234
63.742990149820656,27.06481676505352,129.2949265142509
72.60913337226616,35.453025972545824,171.13527163186802
97.58520794625346,43.54845618730428,183.3890512017458
51.630034830119534,35.70434660662139,150.11064692110114
32.2956472941246,40.08640415348959,148.92385034175368
79.51861947687037,16.972509627140305,122.36124157801031
27.083225126207424,40.74125568732561,153.13220666935277
43.89714207056361,4.005742319233757,87.89494287927144
7.845638134226595,44.74083280302638,125.91916494078424
2.535074341545751,27.37961880768681,119.07017721492801
96.26484146779251,40.864888498124685,163.23727784978888
83.59801205122058,22.615914225915006,147.35629652085686
69.59742060936979,32.178884759826246,160.42353119261324
40.89529444142699,26.320133046805662,112.17824901217284
17.329432007084577,36.579476087766594,127.71552529952962
15.643704267108605,4.081499101529479,54.927803651753905
25.024289816459532,3.01760419952819,66.39814300439879
54.92266647061205,12.355161700507322,99.09131379446326
71.45959227000624,7.977234005659417,109.48086946901535
66.01973767177313,43.589178329610085,183.29131295630282
27.993389694594285,10.960699367902215,99.87493169100114
95.48652806631941,48.79326279095657,189.70810934928983
73.78969166957685,16.844789588555344,118.49220627445384
55.43540525114007,9.105895784434964,79.09511227223047
61.17207462343522,39.484925357123956,151.49718736100363
41.96000624277899,32.935388775043805,146.4992970024517
24.773098950115745,24.90978582265695,128.3619493558541
35.597267865126156,27.76817754688156,110.99150030752698
75.78461104643691,35.96008891361319,153.8878407589159
1.4393488629755868,11.422737066564936,73.3010909950284
11.607264050691624,49.816695802837096,158.23863521921606
4.600264202175275,48.73965810733915,141.68341311654947
4.072880231897013,32.516284317346845,121.30961919528309
85.54605840110072,9.977122546457256,107.9888808227557
70.36578593800236,34.01141212156457,153.0611945033475
47.41738290873252,3.609920448958792,86.39137483232084
9.783416065100148,1.5326251102903032,58.021180951240055
49.16158751168324,12.884144425560685,95.98522370169731
47.34717707805657,23.131147836965816,118.83978617370161
17.320186991001517,43.413625270419026,144.60371444428546
43.385164923797305,36.3584534883154,140.70937913970818
39.85047343973734,37.13532605999905,141.60792821319575
61.585009805221645,21.27466672240377,139.32831005246553
63.50936508676438,17.296749627348145,121.95737627749088
4.530400977204452,18.551938149230136,86.41427360677089
37.46126146264712,49.38247818680289,174.4651311500367
62.58599157142364,2.005459570624124,81.96572002939998
50.31362585800877,43.35157480612243,173.59120891711567
85.64898411883223,28.93377042861967,154.3884548386364
65.8693631618945,21.930770959479524,125.72320205986402
16.29344270814297,36.262883020756824,135.1496566536879
7.056874740042984,24.333447071235142,86.48656999180679
64.24192782063156,43.67116190408303,158.1956130293838
2.6511310541621813,45.035093200562926,129.4565018642164
58.57755812734633,21.08604634367277,122.89030269865577
94.02302414249576,13.841389861752578,142.01944178960395
57.5474177875879,29.61751642966811,160.3217432150565
38.816992620652194,45.61816728083455,167.02534188640277
64.32882184423532,10.533109450283328,108.23907457212889
45.825289049151664,31.148329178174137,117.1987255393967
54.56167893159349,31.578011004626028,135.0101234777086
94.14648087765252,36.65565112076405,162.50670516127195
38.610263780077425,6.57838425636299,76.25342442025352
96.11905638239142,35.79124823410443,167.96058647355667
90.53506419560637,45.45162603328205,181.44987838739598
19.579113478929642,8.984155443512098,57.964869522731135
6.9361300875165455,11.877166246193882,84.70150009732137
10.077800137742665,48.56975470208198,141.45097921563723
1.8221825651549728,9.048847635474488,71.40125519463795
9.44429607559284,42.71925466847895,160.90148407225405
68.30067734163569,24.613892822401738,124.1842783997571
7.118864846022898,12.361553720158852,52.979664635865866
31.89756302937613,43.53749506362557,150.1637294231381
84.48753109694546,22.265262750133274,147.783887398725
2.3271935735825866,25.74086769648451,122.22880672196625
81.44684825889358,17.961668469988286,114.35126512489919
28.185477477339994,29.64754257174637,128.35481611452795
11.816482762165625,8.176193629251138,67.60752407178455
69.67371653641507,19.554076832588034,122.88552839034224
62.8942846779884,48.470616116764376,204.8318080426933
87.74720135270529,12.906671635056377,104.65724066251387
73.50710438038858,32.83683322706461,154.96461525926924
80.34809303848486,16.259503211234744,127.36998465936625
28.203457257130648,38.67365628433003,152.30690444661883
17.743954377972283,6.543683035917491,72.93917479553008
75.06147516408583,48.491052253927236,187.59334748493842
80.6834739267264,22.68947706918196,131.80420542750923
99.05051420006733,11.802523167323198,125.82157284713114
41.26176769114265,3.6748373665006326,74.54863582359849
37.201808579278314,8.487895254377037,91.79241369695374
77.64129607419969,25.988697427800883,137.10193953226525
34.08035402530179,16.850158821564314,104.5114985948014
93.07573256035647,41.44416829413047,179.13357473158942
85.84127518430118,21.544376183090296,147.26989246605285
42.89940273750184,12.435713629381496,95.80719139162905
75.08710677914974,30.8572493302015,131.52772736790905
75.45428740846823,35.33886084427229,171.02408039991863
10.31238688359326,8.352095395047494,62.80306122326542
90.25529066795667,8.380960814415882,105.35190357632192
50.525237244785714,1.8335713466771486,72.97314837531223
82.64574661077417,36.82010075328203,178.7074557436593
32.00496010306117,33.190226381090255,111.02619067392412
89.55232284962005,23.731543787490693,173.61673433639135
38.92016787341631,42.20852244845986,164.4376969242884
1.083765148029836,40.28350764750266,133.34128701031185
90.53819764192636,29.267718219837608,153.25559525447554
9.128667678613356,43.41356402566293,144.24700263920911
31.93136375904149,10.292060501838412,91.76102716699096
95.0061967050805,5.595980969886394,115.14721615181361
95.06071469375561,13.487480575849482,130.06136315861124
57.34378881232861,2.854342804465743,85.2763868276483
63.183721216979926,26.5584764000516,132.7354292055199
44.84455219783198,46.830284614748074,164.570112491877
29.321077169806454,1.9671770334254823,66.64580984822737
32.8664545369916,6.10549570050134,89.98191963816913
67.25184560770384,22.609951414171764,134.78139285500407
75.237452943768,46.69375087639524,151.6023418780317
79.15790437258485,15.807805248837525,127.75357044926508
78.96181427945538,25.361740434419623,142.15174995575467
9.120610304869036,2.078642952519605,58.53050349301475
49.442030470258146,7.417160048104443,85.6701508004491
5.755876001664428,49.33150614794234,162.78207749657705
54.95288823237355,48.25593482180228,183.4635783810199
44.1530501373377,0.24699904672048079,64.84174648387372
88.77041827582998,47.590589271161946,193.63691055148422
35.09150125520787,31.95599689077502,121.74117706374112
11.706701642760587,43.39591472600111,128.8489986254932
14.299168205283586,22.736992781692955,96.35639742012805
76.15106317174723,25.77980142896251,148.25906916762625
61.82180633162611,24.44232901284601,139.32681164526593
10.112267612279025,33.34321287730522,126.87341376172289
8.410680611499743,6.982562737815645,75.42142364986113
70.096913145912,1.4986794936338976,93.20759843137338
7.276300636419353,15.396497079559545,78.01632852509924
82.18600592903562,35.23403813683233,165.88030468492187
70.62422271564962,10.092672606147419,113.50155182239648
8.134878064189976,33.67162166624587,128.95359566272248
8.483771408519193,48.49560230536352,163.12222402973308
98.66395785011754,4.69503578947092,115.80508897601125
37.427079575612034,33.630105911256315,139.48823368573446
37.06421470668909,22.187510965228558,123.60863166696592
81.27995672575025,43.40711271887527,177.18899120813506
94.72485773838586,8.857489472369295,106.25866130165434
98.6001063822871,34.63129761130823,166.93197877432237
75.33781852589416,41.90576448240551,164.0314117796936
37.62595855309158,47.230710973701164,156.5226184742043
8.350071669866876,34.16240141448229,121.05465195674284
77.71469159274368,24.858738200421364,130.65062298721497
55.840424973580504,30.892362010060694,136.6253212105212
42.42220092469763,43.44524922393591,139.16545224068275
90.6354385094736,28.530487331941483,154.51163099234915
11.119748230615134,1.519352984841843,58.61063483861349
49.262510429085914,46.54743477534889,159.55523845455883
1.1353644767419069,34.476337551578055,126.11281402585112
46.86606419941263,33.82566928886233,150.46007205369656
5.630327568183735,10.783757619885858,58.30708038017383
11.881791626807193,32.94427351163286,114.20219505100718
11.752624677710488,19.693220282707923,87.5713294063981
64.92103021160635,32.561648852074605,138.18478179886375
74.60448792654233,5.3296515153995365,106.25629541338772
58.336876509715964,32.8922652301518,143.01470732743357
96.21725484745419,49.97068628853333,195.40485158768763
37.48705795237041,2.4106019430278014,53.52610921817327
28.571208628186074,48.858709211065865,168.357203038317
86.85991281894603,20.345398036143532,121.72816853322537
22.359583851945263,43.537672516862955,148.85446326236183
96.32225394406113,39.11927420291367,179.17344475743982
1.2154474689816341,28.35081304933339,120.91593579154411
96.98788267076391,36.92246046256633,159.25065826932348
4.315991195057611,43.9257780650674,109.81443016945533
89.11431136980711,20.20701608255165,136.8096832975438
52.77011090862999,16.351658078161936,127.0934834257474
99.29647961193004,33.379669278179236,178.79704189171784
7.379656473539886,40.39229709706293,136.57101658364206
55.38542844013208,38.11425673883079,149.00486584140714
96.9302535619099,39.89068244293173,186.3177176331915
52.30978441701488,21.77916574064665,109.97776169275606
62.93986381352625,40.89171080875108,168.01693121782745
69.57486889846172,6.010452768530422,101.86304157795797
45.454106476777326,27.224454898042477,137.7780621094624
62.75580800840635,0.2879330249060785,109.55037044312611
58.43143119231002,16.229291495013516,115.5984582579697
90.11580104909889,18.323076743569892,126.61441775461422
4.5446380341457875,19.80863458046277,91.63384505607848
28.096318959223034,34.773360334493105,115.90412109970654
95.04114840765587,19.427905063517287,129.42925301997192
89.02637838909163,22.43468113112653,135.28972707566783
45.56567527857129,11.877206543716373,91.29636674737246
62.013259780153675,18.662589581467003,119.85535777334806
27.738118298113267,11.363481363157574,78.37182255154977
18.81211597237613,3.659796188422182,77.93595703627714
46.36984049399822,30.172429669068894,133.53185023431888
35.33522280260528,33.410639927750815,134.395888045418
58.365611185087204,30.974517300480723,137.85289302837586
7.773463696498483,23.17470219002862,101.78804306689626
97.43948076661665,18.989289008961492,144.94930104790765
98.62107444796028,43.16668247859126,176.97260002405366
69.81617140197451,25.954089256810903,130.2350993238565
53.60963663441204,23.95909388148655,121.68574579241248
30.952761628632775,1.2821032903217844,54.58187816022781
81.37950197069486,17.06239138130782,116.6219551507481
68.47311725538793,19.009780939292853,117.49391177083308
16.26169393448913,19.941139044845023,106.75701686406188
91.09271844938425,29.008618461366613,156.18920943744462
82.2537242923169,26.680127336343922,146.42301593252174
94.9799913291924,30.39525463967223,166.78948456562037
72.571950838836,38.244163077106414,161.40058368963687
61.34151959357899,40.649286935804675,165.87398216768776
41.82430362906189,35.90615381132472,141.69224190785542
93.27284833540132,47.77618479774674,194.84241725719042
86.60638895004084,0.9116291338180815,89.29886616654076
4.521867010618941,9.788899284177305,47.45056049089979
2.6366974497252005,0.378143748907106,50.73184460081377
37.64633668780496,32.37373570773015,147.7981211203622
81.0553330781833,44.90152744749935,189.59287545650628
98.72761293149445,12.174114828814965,133.36601096928885
15.041689110352818,46.35172723981533,162.58560625286924
59.41307153521351,3.0133695144780424,86.61985070617722
38.08908566310215,46.72180134027572,164.46130258615847
96.99143978146031,17.58113436198172,127.4814696603501
84.21189231357087,5.071041422460826,99.08730044143658
83.83287047111378,24.29358795931628,146.66132265190086
46.86931597949703,12.838828386025398,111.15115913348747
41.48195023376652,14.243645098096142,97.83380255626555
27.340707193070624,15.364498246314328,89.89745744064986
5.6375496650927115,40.15129489163317,133.12664420437866
86.47223762550531,26.958063833762726,153.16431396956926
81.29010091300776,15.565384957800182,107.33727221076883
99.97176732861305,30.51668916554592,138.057452464026
99.66368370739053,35.80753371115968,165.94154078109878
55.543170560262745,13.631200036676688,92.82686109434317
76.89874151805105,20.677455076267577,124.72287893508758
94.47657298824281,6.0943046668473775,107.94909263964145
84.96473906774115,9.057467476734015,106.06482039710849
24.734810174319765,34.05589269824914,145.0038658283656
45.05441353100935,9.071917384781347,93.93848918109056
12.915941515149498,26.258169183353008,111.97905272038905
95.40510272587224,35.452313086121634,174.8292489756134
60.617463445088006,5.343846154737192,79.6080928542107
22.864280550346272,28.365610981445176,128.55448011226616
67.17006844058567,12.828139185068189,108.48366972507462
61.81282404578958,48.14634376187899,183.90390571906488
35.81627180328405,24.177282335996235,105.54412824323295
11.355759219962902,40.299627488757906,120.73954692733663
67.15731955927996,27.511327107813088,146.78021057551643
52.03077009037933,2.170626642740958,84.12073359164674
77.23183917356393,31.657568779701116,142.91054160260907
52.01635011119934,47.570167110332854,162.45187846351843
85.21815003185401,30.08059100731656,164.02460487470782
55.190683877448556,40.95944297133951,147.62010895273005
56.093797153538624,44.21032316742039,182.89427444416975
87.66536026583451,11.403988597446624,107.63444998133183
40.3482866212397,10.602241995411333,97.76254655752635
13.401522845064074,30.549049442549585,114.51267555014135
2.8782676313338973,20.551423490335235,98.57385510716084
75.5137255673619,41.99306514333602,166.30185304921108
62.03095513534647,45.00115616990056,169.38986084675142
70.40797680992236,17.671068965135905,120.95531808919021
21.296416150891073,11.843527948724104,74.31338941507902
13.637147558676975,39.026275762193094,142.27936875792594
1.4544665667881929,13.740301777406804,73.07570117349186
35.058755880659696,41.13071592568392,147.50481063829753
58.991768685463306,21.18691268243814,111.92621596152281
39.22440450997323,33.37749496457352,110.74385559618057
43.747492202372904,4.776765691733409,79.51699985865159
90.41586944937484,31.19296623382865,181.72002140847385
34.82554670233004,22.588383936861455,120.43558410386817
51.39894891598108,29.330423158773705,134.16771697819402
78.3653012741143,8.400710387243171,103.35516311946083
39.65427823212701,36.843687247209104,143.7391725386022
62.20867002278735,43.13985387716143,172.8552339174686
86.23637087467452,10.836990004538782,102.98403729332638
94.9520623657642,4.785727776008086,118.19070368158701
14.707348092903793,1.1819293023168198,66.87134580549798
92.65876251614944,32.0985750221633,167.70838855948068
49.21162930795382,30.35470180443904,139.69997565095227
25.824438829895836,27.334870635703503,117.77812726329483
45.913575623826134,11.597354805798771,102.88010978317881
98.0032575285477,19.545299795275735,144.0103696922391
49.26180939928696,29.72381675930865,130.53813110885054
32.875161028750824,24.83834294295847,110.37824867132335
63.34008543167258,49.38927601074437,181.4671576899449
24.014561877819308,6.8219876278366565,91.14145770953485
7.586332810866391,34.75722770237969,110.91655105365356
12.887972191064922,20.215938405214608,82.20061024843727
12.804583895777244,21.409980746280738,100.86986185281526
15.190269351229436,35.87988828290881,129.8637882599925
13.882717264941014,34.62180756621848,127.91839040861154
64.08747448032146,49.56279968510942,183.60886858946455
18.188008439914483,6.419714472706262,69.70141061902171
34.56672833238632,5.205482469208317,92.59296349063062
89.67884099060119,36.216940856437056,151.26426242340955
47.39616402628724,28.919345850320454,123.25180346598206
66.75577385210272,13.708033327990293,109.76140598054147
17.231987120162984,3.9709684494493303,50.126042347438485
19.228901880867078,4.282912479821527,66.42173185575588
4.086861626647886,44.70954373320591,158.07721993701597
16.893506307216455,9.593366235937145,77.84235050844214
27.85903390319586,16.16857810577604,98.57368222033685
17.70104842767468,11.3328201113494,68.91451678481035
8.87025337570556,17.749815291596864,83.77114319065173
12.06358711006008,3.4711921373046684,59.22221402640001
46.077876803272574,25.95298954541352,121.76776652490099
20.63337184057925,3.380628179610745,79.8943802295488
36.42698610480755,40.01782539111808,153.8260544418912
50.34172708548569,11.68560409552165,87.42749216441582
69.03948286293652,27.00059573022553,140.98598067623936
3.9312139841098936,44.00395437807291,144.95573323316864
79.94103989090426,32.54386845235971,166.45974723538424
62.79003894909078,26.647889327566766,150.49620499536263
8.17590319488719,16.21668765576878,76.37038499070246
87.35786241067773,16.650095652909897,118.87054739905528
92.08724005318132,33.474347759909506,150.4165369572635
6.107795985486375,49.706968061058376,150.12763552379013
27.687764814720374,33.09195949246893,134.6913851367614
80.62012797930613,27.889170868501246,155.96175089254655
74.82596903836584,36.532525511962305,159.7185253066823
18.45210193563773,23.26028061418591,102.54813696364224
20.93493233367103,3.0071171300392607,67.99928034940143
37.0472102791382,28.11484079389549,116.40185771105985
48.45229851910213,47.88126422526901,190.8840649270368
61.825477153029595,8.765147117882982,82.36642254110018
36.891363956977244,34.50024454103329,139.29357684951245
46.25347161331479,10.046684432952823,113.45616686485943
74.74709381337566,26.791384223654063,141.02431379959594
3.66832028905979,4.8338224823359806,59.60141475918691
25.243694434402077,22.518546812909257,104.08448661491528
71.33495858845524,37.80816644476231,159.47989536612815
89.52068376871993,17.378576211949103,143.24597905502347
51.167744211566614,33.2455862243609,119.95642544121003
53.211348526531566,39.77249803948646,171.48500735520196
10.717201133977605,46.358890973972635,133.8368109904326
44.741236682345466,11.732104092772676,93.16830323437392
53.261726645502314,19.965795790465407,112.27001070069535
24.247050363472965,7.620800666520871,83.25065921248542
26.924323094938096,49.62417510791876,146.72926824446907
37.728416310462265,46.35004839621477,166.1860316084801
2.007119777772637,26.99785651402798,125.2423691498108
32.20791655831783,42.10166471882106,136.67554767087296
21.144800699654464,26.04789886360211,114.56525975313542
32.74973521779147,31.179284400137984,122.1136146312056
11.976213181925122,4.456221605800831,69.15942186449459
89.0527280739895,37.763521024840394,170.24488386083306
59.359245355404866,6.3856741817617415,86.03610195078284
67.91023191444896,41.303381512626416,171.44060183118805
78.91712386073382,39.101404383519295,185.70485179527296
49.84421989290573,35.43723488714882,143.88754180347752
8.69202880874237,1.8080190262381057,65.15963187832921
53.71065418185478,15.15641779726643,94.23543310674862
58.68411180208791,13.155628495542143,96.08894912394815
74.54394741843299,18.006820373575955,128.00967723517218
43.16595462296794,4.382137338191927,95.18841227322747
12.758030279556376,46.84789115155314,153.63093093074107
28.377590579872447,27.690112035618814,116.4384390559423
36.30822963986351,15.276215532901178,98.69945993996764
64.59172413316013,19.849075853714172,109.48993643431123
57.077830466891186,22.360127025241784,129.30432254748283
35.60967258978462,30.029716668030865,136.68760025418814
98.65152487929797,25.783971384824888,146.37280188096796
60.577481935688716,45.96959866072087,167.5275168116911
23.72267917359945,24.848174145291512,114.21647017390323
10.178247262040374,49.607900741165636,149.9377277529455
15.285913918433202,42.571247887254785,142.12412658746794
24.595772838450813,10.42552571786679,104.14615574662415
16.06813732595557,46.52976073219581,148.62333311990943
18.656702405130577,5.818319894273804,67.38158947090068
28.50951686938471,40.87248542455958,139.52431122745992
17.33735952947548,19.031164673829004,104.17292882739513
89.67654246264252,43.898716022253474,180.82346154364717
8.023374566164222,43.40283450537252,134.3236259106129
52.451138957025464,40.296270005881055,170.03114981300496
41.03968269896615,39.50152181535307,163.7189150253256
98.23786169086064,15.23395695490204,123.58260909784735
11.203890216805235,4.045964152562609,45.02847389992168
39.785559904574164,20.149008938258074,120.26593472717245
96.94704332753689,8.676225749325434,108.97967490481928
86.55071258939803,34.747554445123086,170.67672117657287
81.707207094928,17.304986326889278,105.76253802412418
25.790282704493983,48.78051004299574,169.3821348212316
17.088758739006582,32.0486038672666,110.52986781122868
66.8643219924431,41.124028181718046,172.98785855032287
92.93759891275857,6.6262336370924215,109.86399740892847
55.67628930139298,43.10072411363113,154.5001986839923
57.161268946989985,46.13785952566972,166.78599039556664
27.997909366028416,24.353095940946794,119.5683311344748
76.94929331919369,30.312646887548873,150.15888496584694
18.704374855752338,38.24049004514977,141.67729732290056
32.367923640424365,8.741931363020628,103.43223039140828
42.54364386164168,25.12830382317212,105.88601346005456
50.7610378684455,19.933151388615656,131.4189474611403
24.240973241508023,7.318699608112455,77.80144521221105
11.483682473920354,18.376721114576572,83.50744298288204
61.06200424416326,3.4086154692746784,74.0450968032411
28.863055324025577,1.2905953474743492,65.12151444919115
58.123822142261226,6.758314457741138,101.79504110585748
15.436271527420232,48.15575557945869,152.75415571885216
48.114010185481746,27.476476794750848,144.12150798471603
53.258943255158584,48.291108057661,158.6999308423857
5.182353682242691,21.6248939165066,95.720075195674
33.660427819392055,15.590806654262979,85.4878927740908
13.441467693897424,25.307093142012206,110.97123895722281
6.337497047276774,21.975584431645505,105.98879128790239
98.99602323899452,5.283234213087196,105.85686210886112
32.235384497472296,32.04131573451031,104.15818515148541
80.98744458546349,10.80190912547998,114.08702201165666
25.464065476376383,30.97939774489148,129.05821374530623
68.15027222239293,32.51005461990767,153.13819290062875
76.02278598896865,7.601242656432405,115.57170022557068
59.56387406078443,3.067481355533408,75.20636294496855
47.15761885501584,39.03807930342199,158.4571290888564
41.18409141472685,22.99002118846601,128.49716320907518
34.88682665429953,2.9081897752737893,55.473917037632184
92.95291442478259,49.74331585848836,199.15960718855777
83.06194077877291,2.889028049818332,92.2672281789464
96.50269106665125,34.75176144292766,166.9396416881645
12.429722348554472,49.18394626317068,158.05951853600197
73.08674752036443,11.959005210796281,105.58909854063926
93.83404568210378,7.112468434359808,104.38487891815538
18.123306616566015,6.069246971121444,71.54167142540615
6.6496267366777495,15.163757378379778,72.7798687364704
74.11206492900591,5.052290550532335,86.30236227671577
57.44731131799119,34.6080670847066,154.73352265797382
84.1828776758272,3.1145899065031344,86.83267829933331
13.97723766262895,25.471106407489486,114.59395665538557
79.52673118598902,49.83484269264884,194.05896390683174
20.162732004774455,40.69851347530094,124.22032566508315
16.36559428657045,30.760971911550545,112.92909444302975
16.426579793099293,15.312681039330583,100.77974600568453
81.45747202313821,31.194791814581922,143.30666432933614
66.51972206962002,26.35207319558258,131.3199648028813
52.30654247691193,21.304169194518575,123.38221856001209
35.88304841235025,6.535518837009974,88.84646697302104
87.72005408131082,44.330210762023334,180.00505970425712
39.244510742263536,22.489232441066125,108.62561830634762
81.65994394715771,9.731125591038253,124.51592177264044
43.91349085702184,18.38796754386448,126.12167715421566
37.69444294249076,20.70648762644635,120.04877723195602
46.26797856696064,41.37689477834371,156.740960265818
30.13778741641421,36.6807190280701,130.34767454793803
74.76093801762511,38.46524468206699,156.00651430738085
50.27203900924791,0.5515632214323607,81.46428700014626
23.22126951468173,20.807699908988077,107.41001678420385
89.95745732745685,24.06720758176618,157.1291297567251
38.38912213732114,0.9596138411528343,77.61828967632763
54.35528611139886,12.99066043725171,88.12816091260467
90.6472110964547,38.01449115610675,181.87206403767004
62.42379959139921,6.8554852864499525,84.94226409545539
11.689804070836407,26.765506572629583,105.53620246115385
93.98321236134751,10.760093600861875,121.01379544491446
62.770805307141785,0.6060387321946636,102.55415501579986
33.49056146570861,12.060072879977074,121.96461205286205
13.927207266338726,48.79368774550269,160.61820971553658
79.4025189270296,40.07685559414948,168.02300446460987
62.00727559285135,47.97883221605167,182.3063587133345
53.34610919763215,24.392702196318123,134.33501325019068
89.38925830509577,5.4868099338751755,102.46157276472633
78.85972112245308,27.397974448684646,162.17792301771908
15.167487973275119,22.718866727998044,105.32218503454767
31.172206779554823,42.2178541369808,154.99924255465297
24.848913981446575,4.904129039212229,78.89195758969235
74.3946292572677,24.41205685108891,140.2372944369562
3.353243473577938,7.502433234699213,75.07089321088353
56.98896848713165,16.233796344503,104.78954506710258
76.24586857406905,36.86785386938998,156.2756244863542
87.67656367617495,23.800906468438328,130.43855244524718
34.20817487159075,18.794414257288466,109.08792825657457
82.12573046720128,19.723813928501766,138.2998581257253
11.063173695520723,22.97233842029933,106.05399234987787
84.64522917345182,39.25082719185284,187.56919330390699
12.748866233198243,44.60423444701172,145.52694182233208
39.72872905603673,47.76673432519642,172.08524973433632
79.72953657795536,39.34516931276475,157.63809815311404
14.991742734877377,15.770344787400637,85.16556391749594
22.92513952326415,34.40673530432711,137.23141794594406
72.22525683930662,21.880156202769598,138.36396193262394
72.00365365460743,12.733531102302559,108.529219555267
64.11476328852973,42.04357897129613,165.42854706827646
69.39484444671,1.9213174481162498,73.3613196527794
54.27244433475962,45.08809960677117,163.74212937285606
25.179905890695274,23.073873231236707,117.64153104301892
34.56959935039195,31.86007384041402,136.75699751708967
18.159771680142565,32.96769611028913,130.02193527446164
90.84505613336283,44.75588703532682,185.43203900914466
58.339179476612046,31.833484108360366,142.90718954130853
40.08514167636399,30.69667923800309,124.8327179194537
46.20058036441327,3.332602028034498,86.75377844030098
94.72833396118153,25.920401097260203,153.41469861900507
15.33514031160802,7.5084500408520825,77.60465871743617
58.62298320167972,36.87168843607428,147.7945200463126
50.5888678884466,25.611096040633726,104.98319682677831
61.14542354346478,34.01138896041766,159.56701681010466
1.8110183820840509,2.0836450301192135,50.28442469119641
87.21239089441515,4.239600802290161,93.4576394113567
93.21182824836124,35.81616940313411,175.1730420495888
56.51331835892089,3.6042167999336683,81.54496638013649
69.66508238768922,3.56283638826293,102.55757781083668
92.24993811772957,0.6054237617443725,103.50587607812052
70.72386343133986,47.82506991497401,187.84776477762273
15.253904291426135,36.875417972950345,117.7182309796084
57.62883601668132,17.66257042510321,126.25899871241108
60.67150463828559,14.82677906438276,112.60181576024688
42.4130671302386,17.485161487292476,102.48408514724223
73.64442356247228,38.732676559059094,165.72144957277683
93.43670147690149,33.068530553520716,145.09305951650896
92.55685129067763,9.259778393373397,118.88451054689232
45.08393714041321,8.705466766704218,79.65918702179432
11.323804584075525,4.919782485669866,51.97476440494215
98.48411989623345,33.015135985066905,150.0487400560716
83.88980864459342,38.218633111086795,179.50905429436955
12.466268120326685,13.2523214162502,76.44514295573586
92.08418826173724,1.0472480515456406,113.4738673331249
86.98963620621282,4.108583373821367,96.35397022022617
51.88380571260721,48.39300174225152,155.6543267648772
59.127543574492925,14.772238873871013,97.94300513550189
39.90027038701302,38.46115739190668,159.23056617738928
5.476163882203133,31.23317844271319,113.64545704716127
33.519724164590095,19.096981982644795,99.47095308267863
80.28534485980114,10.284363109777756,112.31158090798397
0.4632023004602859,6.069320907970321,67.38807032784624
33.34991716911442,30.75064840194333,139.35024354746847
39.81686935909433,38.7316890318894,161.85680504225522
53.73956029379229,32.19521267705653,137.66251904311835
91.98556164127605,26.515106662457917,135.7625172847335
34.634599436596126,2.0975611715818134,67.37777045022894
34.69532018962277,48.42443887971919,166.79934292007863
73.75012481097484,39.93570958272873,157.10889230883876
45.221794088980715,14.641101835048238,92.32159156563641
22.460482293998197,48.99851646794253,162.665152898383
45.24395161326934,30.094079481816106,132.32361125456237
14.085702037979985,29.121132910362324,115.61308679383052
17.63869865062233,37.4036589714766,126.04171392126369
49.83677727394797,40.58848940450688,153.79136030393005
41.89254495045479,32.823930366575134,127.35180176569465
91.48459010681,6.404787318310001,117.45385380127287
36.23938991166331,16.91337529972492,112.29893890251901
58.05883502780434,46.404182016302485,153.3759029241262
63.22642879195304,11.230780592192597,94.7796669784376
1.3094456588333636,18.608351191875666,72.90613266226723
66.35373720167107,21.6038441472098,119.88431755118614
17.803596686975144,21.970249484722608,102.00791761502917
96.10703174694551,30.646979124726276,144.85102192594
14.866272775311295,47.15379188723538,142.5221220308733
41.462412372702374,12.034635591625248,84.7609036487867
8.534966807864386,6.075068815045903,68.49029432801343
99.68742518459473,9.873524492996866,120.2842049486536
50.21950103312426,44.34624501046348,156.58486500411652
59.53850173200438,32.2905406327603,146.11854085291677
6.7076477388427485,14.295339461958006,76.47770194746474
74.99604703991778,40.797346948430864,166.37616631356008
20.990559309558577,43.0684998181718,163.36680019410827
89.80542894407138,42.3257169345139,192.95875885896695
20.513964048200716,45.94632668197772,139.15382301877983
19.068772066366655,12.612051008668079,93.05581222931121
3.654966784809488,37.75209643731392,135.4456418119485
47.206694510999924,23.026974863707,108.17466409538777
56.48411332626164,42.099927644503076,170.6296883896856
6.570863942835237,36.42453385808066,141.51381887170447
77.55276166950105,38.82237232498623,155.19567742227886
45.32888347480276,32.808091884053574,129.10559729536587
52.439026932758004,8.871438473485343,104.1390050817847
44.07627469382282,27.251345944846918,129.25578234486173
40.0763060875326,49.23348697622541,174.01988974861234
55.96403313082179,46.869403324855945,175.12671537912775
15.52402459307125,2.1586867898505835,65.98634508551824
18.19281304952711,8.240740786471857,62.31316681459644
86.17856210135173,6.586438672728096,116.73533546234654
94.61154621336327,36.29899549926478,181.59966402948893
37.330931627975296,40.889266492847256,148.1500913590019
27.074467314355378,10.675568315533596,84.45360079010626
64.39995432390158,25.29263464759145,117.47417143157644
40.87341710980964,42.03515140056,159.64955891620315
2.538635566034486,36.64007723831253,130.27004667678375
15.615259736619036,27.111860274592413,111.40944024750122
71.59722288473975,29.517384522938645,156.0769140869522
65.89239419101514,25.418027345813996,130.44147947733617
2.709599250348349,14.877422565941028,86.75570401599224
22.197216193294945,28.251099642950805,107.40416399562793
23.10747965880714,34.44426510250453,130.20674852567024
67.18927435987284,43.666145793040386,169.18338618698883
1.9710537754364155,31.814567698962403,116.86774150605244
10.410858198457385,38.0560768521579,127.62231351521092
79.99160853731894,8.00358174772865,104.68824180740009
17.85446620543336,23.077873720989494,113.34345225911073
65.27461078518748,0.4665809913546648,79.20282500292089
23.81827810467265,12.333943226081152,70.51125449711185
9.944139275934516,36.32308575565024,145.11408019132193
24.317219099945408,49.59049756746817,175.1541454718139
72.22669318556592,4.9589049793607956,83.10852960044836
85.56964681062857,20.074715793064414,139.83133304389506
83.02198645669915,40.00354843495798,166.4883423927521
39.71835296184548,10.201781731444942,92.89761209712321
66.80851365706462,27.75424746511431,141.85499304889586
20.498429541582098,36.65356480148374,131.2122663705953
29.314773026101328,30.79927251300895,118.4182748832046
89.63358185211197,9.401236730770806,106.71385386443501
1.3001923510736035,17.769228434286973,77.02663388929832
8.550853085446807,39.18958922426986,124.33638290895867
20.78862551460273,27.71132570660083,115.14518127000947
2.6532203873819715,0.26148067714563683,44.69197165687475
18.143543508979732,38.04953800140469,141.99136841442544
58.304156096969216,1.7655677470119535,97.5556750958678
42.1424550592498,37.286689136561606,139.84407338904768
89.26717110769748,10.12402800826187,117.27568657572627
81.7443561738441,47.90367400596901,191.6763772018894
34.1817351697876,18.397037565104224,108.604965424295
25.94234334312925,16.346580816903955,96.42388598453341
37.96924081672669,7.444402516622234,91.30024962520503
59.02949425148078,15.280210774510744,114.89765820156845
26.806364082287626,43.83253809141003,138.6916340006909
62.4148907849134,49.81671688136237,189.53243979907415
40.941165219124045,18.415476525342417,116.17444403291428
55.204718085198024,22.430531547727128,114.83056109626745
43.61265291353167,36.10354691013685,144.39279863151555
29.44657595419177,44.30978902325373,160.17615595171404
94.84533069621567,29.652216709339207,154.63396057099263
76.36057941597608,19.576284908891466,138.06264000343108
14.011317576645254,20.631092042431188,121.90656781937861
86.84679758979128,34.78090732484034,155.12535311822649
48.743119824951364,0.16091318021393408,60.88294024136579
89.45522268940914,30.979466872992035,159.7247310467374
79.98552559473153,17.77465052206787,132.75768889276296
42.52135044692334,39.70986656385421,148.37174461272244
2.24693083201174,4.649531991156608,74.95513603152943
26.867735938494608,29.410113347419525,108.86803666685387
54.16342146608669,24.04864449430619,132.10818595197182
63.347821982614725,32.11627629526137,139.84785537424116
25.788768543320227,3.2426797241484175,86.57352278202991
13.935607407282413,28.999189371406565,134.89133597813552
83.4930236799299,28.074229397976186,140.22840475808385
98.44021807035521,28.033004720808545,149.7905471177089
52.56901823026858,30.17438332982274,145.22915464457776
17.16792858483035,33.82339686131811,122.35945151715624
27.230732651936897,40.249449984038485,143.66015411472304
1.8390676547466733,13.491036006410717,78.15549004561888
91.4298806560499,41.2524705090031,159.02314978405462
11.775108289014113,24.91278411317268,105.57474490991004
57.651647551425356,3.8529139567165585,79.63437394850405
27.4055220687206,2.92754646219896,64.6266257347605
55.417800251579344,16.71191593480304,125.56905203008388
65.14203883518643,39.24484885557338,148.4956481859474
82.97418037072016,35.384046737045786,170.3872355269314
20.64212717606032,39.43074823362032,136.39293075195272
1.0995828658480478,25.86345282208047,99.47909539212662
13.688563006880727,22.00994989777453,108.76790025950653
90.00186418481051,7.372626335314197,113.14669770872256
87.38900775625153,16.40963768046558,132.21990921125223
59.74131021703083,21.700968308693763,132.95443833123156
60.051686043365336,4.430021483980862,85.57280215781117
66.50366745462554,11.030597635560563,99.19066165335639
17.53712786234496,29.91126470318694,107.73958807196838
91.44119459249598,36.783155711959495,161.03280342037743
41.87705248920731,49.91737556964748,200.2642216369859
38.31385282494975,46.65566656717788,174.9150553541985
51.89177052828376,32.12825997675958,126.69166155558082
4.696596677505505,21.0624026647036,81.24852410072425
16.628336875607943,31.808868235411637,126.75056552581216
73.80336164263704,39.282580904011596,170.93949060312138
8.279866792512646,5.916809546169366,71.46239084176871
60.31521094663882,20.495244484814414,118.59853650741125
24.534910968132095,41.99011428178086,144.9931414475988
38.929561404197656,19.1916475966522,111.12687113699681
28.869373677069987,28.593613561359327,122.48084402418695
35.567271646494916,29.38846804310991,104.36756818199194
71.90459051842456,9.223812656681968,102.10192426682427
29.7121715623175,18.11177208261442,92.56556560378446
56.64046402968972,16.725564437096608,113.5234750781232
47.60504021990997,1.3098354266032397,106.27478098919556
66.36711653626482,1.2095881945677622,89.27755131201097
93.6829739324758,41.584852183788676,176.87589447209126
73.25720972102503,13.65354049864062,123.1537008775663
21.494037859075675,25.90393831194077,117.38177442551151
3.1183135061284672,14.936278679438653,85.63265901645995
26.22640442998251,47.03396225576702,163.249632658682
59.507793070025485,12.964837943288687,126.24900806988553
5.1425813484250344,21.482840636946754,84.22808759484687
49.636624720123635,43.63651252423009,166.82765817663656
59.68428489168892,42.09667833959043,154.77168782520994
33.424389081696084,9.305070892313866,90.87746278889826
77.09122037458219,40.13216548978552,159.62307605200118
10.65982531337718,22.909344336894634,96.97493319442701
7.513778173580876,24.14844360426776,99.1028771529469
72.81887562036033,6.673998620797189,109.51560224522163
49.549131620619846,4.0300756878562325,92.01926162544653
68.84023964277361,36.39696534868826,144.75687675429947
43.48273386037462,24.823057617764988,121.93682327571578
24.640203323910683,21.84253513075898,98.90937337598157
81.91023176741997,36.475411432619836,151.32088964219633
79.94158789689793,38.275644949555485,164.35191334331623
69.46964708544267,7.945408383467678,97.5408124250985
27.21451372299627,30.511257473882065,148.8969366727175
59.023066686908706,6.767704113884276,97.37653982482986
36.09738969400268,37.56875430145229,129.41002844236354
9.158207332663416,32.84775781335698,114.62687925133623
91.73135754622427,47.8307310541729,201.74097383575193
13.68186309189614,3.447900817821059,84.62116091028943
95.02373538208025,2.8527360575627156,87.35750668378597
44.600577295795574,14.109353734660008,81.71975226582734
